source_id,ra,dec,parallax,pmra,pmdec,phot_g_mean_mag,radial_velocity
1635726330734624128,74.09169430283026,31.700199994294386,7.37,5.93,-0.64,14.3,3.27
5131066073785615744,283.65247723467436,-23.98504258759189,8.32,7.44,-9.14,12.5,-8.59
2162647226065332608,98.98378932000419,13.286190168148026,12.89,-3.82,2.31,10.1,15.34
4050675998330707200,196.9900456306047,-41.879724604671344,15.21,4.56,1.23,9.7,-5.47
3960079533010560512,184.5542332490494,-0.7184511569307194,2.51,1.79,-2.44,11.6,7.15